ids_2014,ids_2015
3920,1
3919,2
3918,3
3916,4
3915,5
3914,6
3912,7
3908,8
3907,9
3906,10
3905,11
3904,12
3902,13
3901,14
3899,15
3898,16
3897,17
3894,18
3893,19
3890,20
3886,21
3885,22
3884,23
3883,24
3882,25
3881,26
3880,27
3879,28
3878,29
3877,30
3866,31
3867,32
3859,33
3858,34
3857,35
3856,36
3856,37
3853,39
3854,40
3852,38
3850,41
3849,42
3848,43
3847,44
3846,45
3845,46
3843,47
3844,48
3841,49
3842,50
3840,51
3839,52
3838,53
3837,55
3836,54
3833,57
3835,59
3832,56
3834,58
3831,60
3830,61
3829,62
3828,63
3825,64
3826,65
3824,66
3823,67
3822,68
3821,69
3819,70
3818,71
3817,72
3816,73
3815,74
3812,76
3810,77
3809,78
3808,79
3805,81
3799,82
3798,83
3797,84
3796,85
3793,86
3792,87
3791,88
3790,89
3787,90
3788,91
3784,93
3783,92
3785,94
3786,95
3782,96
3780,97
3779,98
3778,99
3773,100
3770,101
3769,102
3768,103
3767,104
3766,106
3765,107
3763,108
3760,109
3761,110
3758,111
3759,112
3757,114
3756,113
3755,115
3751,116
3747,118
3746,117
3745,120
3744,119
3741,121
3742,122
3738,124
3739,125
3736,123
3734,126
3732,129
3733,130
3727,131
3722,132
3724,133
3723,133
3725,134
3718,137
3717,136
3715,135
3713,138
3710,139
3711,140
3712,141
3708,142
3706,144
3704,143
3702,146
3701,145
3699,147
3697,148
3698,149
3696,151
3695,150
3694,152
3690,153
3689,155
3688,154
3681,156
3685,159
3683,158
3682,157
3678,162
3677,161
3676,160
3673,163
3672,164
3671,165
3669,166
3670,167
3666,168
3667,169
3668,170
3663,171
3660,172
3655,174
3654,175
3648,176
3643,177
3642,179
3641,180
3634,181
3629,182
3612,183
3624,189
3615,186
3614,185
3613,184
3617,187
3618,188
3609,190
3604,191
3607,193
3605,192
3600,195
3599,194
3595,198
3597,199
3598,200
3591,196
3593,197
3596,201
3589,202
3590,203
3588,204
3583,206
3579,208
3575,211
3574,210
3573,209
3569,212
3564,213
3566,214
3562,215
3558,218
3557,217
3553,220
3552,219
3546,222
3551,225
3549,223
3545,221
3550,224
3539,231
3535,230
3528,226
3529,227
3530,228
3533,229
3540,232
3541,233
3526,235
3527,236
3525,234
3522,237
3519,238
3520,239
3514,244
3513,243
3515,245
3506,240
3512,242
3510,241
3505,248
3502,246
3504,247
3498,263
3491,257
3492,258
3499,264
3487,253
3484,250
3500,265
3486,252
3485,251
3493,259
3494,260
3495,261
3488,254
3496,262
3489,255
3490,256
3501,266
3476,268
3479,271
3477,269
3475,267
3478,270
3473,272
3469,276
3467,274
3470,277
3471,278
3466,273
3468,275
3462,282
3460,280
3463,283
3459,279
3461,281
3464,284
3465,285
3456,292
3452,288
3454,290
3447,286
3457,293
3455,291
3453,289
3438,295
3441,298
3437,294
3439,296
3442,299
3440,297
3443,302
3443,300
3443,301
3445,302
3445,300
3445,301
3444,302
3444,300
3444,301
3446,303
3434,305
3433,304
3426,307
3430,311
3425,306
3429,310
3428,308
3428,309
3427,308
3427,309
3423,319
3422,319
3414,312
3415,313
3416,314
3420,317
3421,318
3417,315
3418,316
3408,333
3406,332
3404,330
3401,328
3399,326
3398,325
3405,331
3394,321
3395,322
3396,323
3397,324
3400,327
3410,334
3393,320
3402,329
3381,338
3386,343
3388,345
3384,341
3382,339
3378,335
3379,336
3385,342
3387,344
3380,337
3383,340
3389,348
3389,346
3391,348
3391,346
3390,347
3363,358
3351,350
3375,368
3376,369
3371,364
3354,353
3364,359
3352,351
3350,349
3372,365
3367,362
3353,352
3362,357
3355,354
3356,355
3377,370
3369,363
3365,361
3365,360
3366,361
3366,360
3373,366
3338,375
3342,377
3345,380
3346,381
3349,383
3334,371
3335,372
3336,373
3343,379
3337,374
3341,376
3344,378
3348,382
3307,384
3320,390
3310,386
3322,391
3324,393
3323,392
3329,396
3319,389
3332,399
3330,397
3331,398
3327,395
3309,385
3311,388
3311,387
3312,388
3312,387
3326,394
3305,406
3303,405
3300,402
3297,400
3301,403
3298,401
3302,404
3295,411
3293,409
3294,410
3285,407
3287,408
3275,412
3277,413
3280,415
3282,416
3279,414
3256,417
3261,421
3262,422
3258,418
3263,423
3264,424
3259,419
3265,425
3273,430
3271,429
3266,426
3260,420
3269,427
3270,428
3274,431
3246,432
3247,433
3255,439
3251,437
3252,438
3248,434
3250,435
3250,436
3249,435
3249,436
3227,441
3228,442
3239,453
3234,446
3233,445
3240,448
3236,450
3241,449
3237,451
3225,440
3235,447
3238,452
3243,454
3229,443
3230,444
3244,455
3222,461
3221,460
3216,456
3224,462
3218,457
3219,458
3220,459
3215,471
3205,463
3208,465
3206,464
3214,470
3211,467
3212,468
3213,469
3209,466
3194,473
3200,476
3197,475
3201,477
3193,472
3195,474
3202,478
3183,483
3180,481
3184,484
3176,479
3187,487
3179,480
3188,488
3189,489
3185,485
3186,486
3158,492
3174,501
3156,490
3173,500
3159,493
3172,499
3167,494
3169,495
3169,496
3168,495
3168,496
3157,491
3170,497
3171,498
3137,502
3149,506
3146,503
3151,507
3152,508
3147,504
3153,509
3154,510
3148,505
3128,514
3125,511
3126,512
3127,513
3129,515
3123,519
3122,518
3119,516
3121,517
3112,524
3108,520
3111,523
3109,521
3116,527
3110,522
3114,525
3115,526
3098,535
3097,534
3103,539
3099,536
3093,531
3094,532
3102,538
3090,530
3090,529
3090,528
3092,530
3092,529
3092,528
3091,530
3091,529
3091,528
3095,533
3100,537
3104,540
3089,542
3088,541
3083,543
3082,543
3087,545
3085,544
3069,547
3068,546
3080,554
3070,548
3072,550
3074,552
3075,553
3071,549
3073,551
3077,555
3064,559
3065,560
3059,558
3067,562
3057,556
3058,557
3066,561
3043,569
3044,570
3054,579
3045,571
3046,572
3052,577
3034,563
3049,575
3042,568
3037,565
3047,573
3040,566
3048,574
3041,567
3053,578
3035,564
3029,584
3023,580
3030,585
3031,586
3025,581
3033,588
3026,582
3028,583
3032,587
3018,590
3019,591
3021,592
3011,594
3016,598
3014,596
3015,597
3017,599
3009,593
3013,595
2994,600
3003,607
3005,610
3006,611
3007,609
3004,608
3000,604
2996,601
3001,605
2997,602
2998,603
3002,606
2975,614
2978,617
2979,618
2986,622
2973,612
2989,625
2974,613
2977,616
2987,623
2982,619
2983,620
2984,621
2976,615
2988,624
2992,626
2993,627
2969,628
2972,631
2970,629
2971,630
2961,632
2965,636
2966,637
2962,633
2963,635
2963,634
2964,635
2964,634
2958,643
2960,645
2955,640
2953,638
2956,641
2954,639
2957,642
2959,644
2949,652
2944,648
2947,651
2943,647
2945,649
2942,646
2946,650
2940,661
2934,655
2935,656
2939,660
2936,657
2933,654
2931,653
2938,659
2937,658
2926,665
2927,666
2923,663
2929,667
2917,662
2924,664
2904,672
2912,678
2903,671
2893,669
2894,670
2911,677
2907,673
2908,674
2909,675
2913,679
2910,676
2889,683
2890,684
2886,680
2887,681
2888,682
2891,685
2892,686
2867,688
2869,690
2872,691
2873,692
2865,687
2868,689
2879,693
2862,695
2861,694
2864,697
2863,696
2842,698
2843,699
2844,700
2845,701
2846,702
2832,705
2838,710
2839,711
2833,706
2840,712
2834,707
2836,709
2836,708
2835,709
2835,708
2819,714
2820,715
2822,717
2823,718
2818,713
2824,719
2825,720
2827,722
2821,716
2826,721
2828,723
2791,724
2792,725
2793,726
2794,727
2807,735
2797,728
2804,734
2798,729
2808,736
2799,730
2803,733
2801,731
2815,737
2802,732
2779,739
2784,744
2782,742
2783,743
2780,740
2781,741
2788,745
2767,746
2768,747
2775,751
2769,748
2770,749
2771,750
2762,754
2765,756
2753,752
2754,753
2766,757
2763,755
2744,761
2742,759
2741,758
2751,765
2748,762
2749,763
2743,760
2752,766
2750,764
2740,767
2716,768
2734,770
2722,769
2736,771
2737,772
2711,777
2708,776
2707,775
2706,773
2714,778
2697,780
2700,781
2702,783
2703,784
2701,782
2691,779
2690,792
2683,786
2686,788
2684,787
2687,789
2688,790
2681,785
2689,791
2660,793
2663,795
2672,803
2668,799
2662,794
2673,804
2669,800
2680,810
2677,808
2670,801
2674,805
2671,802
2667,798
2665,797
2675,806
2676,807
2664,796
2678,809
2657,815
2655,813
2656,814
2653,811
2654,812
2645,830
2642,827
2635,821
2633,820
2632,819
2641,826
2637,823
2636,822
2638,824
2646,831
2626,816
2627,817
2639,825
2647,832
2649,834
2650,835
2648,833
2628,818
2644,829
2652,836
2651,836
2643,828
2619,855
2616,853
2624,857
2588,837
2604,845
2605,846
2606,847
2597,840
2589,838
2598,841
2607,848
2618,854
2599,842
2591,839
2608,849
2611,850
2601,844
2600,843
2613,851
2622,856
2614,852
2581,859
2582,860
2580,858
2586,863
2585,862
2584,861
2574,867
2577,868
2570,865
2573,866
2569,864
2567,869
2560,871
2562,873
2558,870
2561,872
2563,874
2565,875
2566,876
2543,887
2537,882
2539,884
2534,880
2545,889
2535,881
2544,888
2542,886
2532,879
2546,890
2540,885
2538,883
2531,878
2547,891
2516,899
2500,893
2499,892
2507,896
2524,905
2519,901
2527,907
2518,902
2513,897
2521,903
2517,900
2523,904
2502,894
2502,895
2501,894
2501,895
2514,898
2526,906
2528,908
2470,913
2495,927
2488,922
2489,923
2471,914
2487,921
2478,918
2467,910
2479,919
2494,926
2498,929
2480,920
2466,909
2472,915
2496,928
2468,911
2469,912
2476,917
2473,916
2474,916
2493,925
2493,924
2492,925
2492,924
2428,933
2446,941
2443,938
2425,930
2444,939
2427,932
2445,940
2438,936
2462,942
2426,931
2434,934
2435,934
2436,935
2439,937
2440,937
2441,937
2420,956
2410,947
2411,948
2404,944
2416,953
2417,954
2412,949
2408,946
2403,943
2413,950
2414,951
2422,957
2423,958
2405,945
2424,959
2390,977
2369,962
2400,986
2377,966
2367,961
2370,963
2398,984
2395,981
2378,967
2384,972
2385,973
2386,974
2387,975
2382,970
2401,987
2383,971
2371,964
2388,976
2402,988
2373,965
2379,968
2399,985
2396,982
2391,978
2392,979
2397,983
2394,980
2393,980
2380,969
2355,1006
2341,993
2360,1011
2363,1014
2344,996
2356,1007
2357,1008
2340,992
2358,1009
2349,1000
2361,1012
2342,994
2347,998
2337,989
2343,995
2345,997
2350,1001
2348,999
2354,1005
2338,990
2362,1013
2353,1004
2339,991
2352,1003
2352,1002
2351,1003
2351,1002
2359,1010
2326,1033
2336,1042
2311,1021
2306,1017
2327,1034
2320,1027
2321,1028
2322,1029
2334,1040
2319,1026
2331,1038
2323,1030
2317,1025
2307,1018
2328,1035
2329,1036
2325,1032
2309,1019
2330,1037
2305,1016
2304,1016
2312,1022
2314,1024
2314,1023
2313,1024
2313,1023
2316,1024
2316,1023
2315,1024
2315,1023
2324,1031
2308,1020
2335,1041
2332,1039
2288,1043
2290,1044
2291,1045
2293,1047
2300,1052
2292,1046
2297,1049
2301,1053
2299,1051
2302,1054
2298,1050
2303,1055
2294,1048
2271,1058
2269,1056
2270,1057
2277,1064
2278,1062
2283,1066
2274,1061
2284,1067
2286,1069
2285,1068
2272,1059
2279,1063
2282,1065
2273,1060
2261,1073
2262,1074
2263,1075
2253,1070
2254,1071
2256,1072
2265,1076
2230,1088
2218,1078
2221,1080
2224,1082
2249,1097
2222,1081
2250,1098
2225,1083
2226,1084
2216,1077
2242,1092
2227,1085
2240,1091
2228,1086
2219,1079
2246,1095
2247,1096
2239,1090
2239,1089
2238,1090
2238,1089
2251,1099
2229,1087
2244,1094
2244,1093
2243,1094
2243,1093
2212,1105
2206,1101
2215,1106
2209,1103
2207,1102
2211,1104
2205,1100
2189,1113
2190,1114
2184,1108
2186,1110
2187,1111
2188,1112
2185,1109
2201,1121
2198,1119
2197,1118
2199,1120
2195,1116
2196,1117
2202,1122
2181,1107
2203,1123
2194,1115
2170,1128
2167,1125
2177,1131
2168,1126
2176,1130
2175,1129
2178,1132
2169,1127
2179,1133
2161,1157
2152,1149
2153,1150
2135,1136
2164,1159
2158,1155
2144,1141
2166,1161
2134,1135
2148,1145
2141,1139
2145,1142
2149,1146
2154,1151
2143,1140
2163,1158
2146,1143
2165,1160
2155,1152
2133,1134
2156,1153
2160,1156
2147,1144
2137,1138
2150,1147
2136,1137
2151,1148
2157,1154
2125,1170
2113,1162
2120,1166
2115,1164
2121,1167
2130,1173
2131,1174
2122,1168
2123,1169
2126,1171
2127,1172
2117,1165
2114,1163
2105,1177
2109,1180
2111,1181
2100,1175
2104,1176
2107,1178
2108,1179
2085,1193
2076,1186
2074,1184
2075,1185
2072,1183
2095,1200
2094,1199
2081,1190
2096,1201
2077,1187
2082,1191
2078,1188
2092,1197
2083,1192
2089,1195
2071,1182
2097,1202
2088,1196
2088,1194
2090,1196
2090,1194
2098,1203
2079,1189
2093,1198
2041,1216
2031,1208
2068,1236
2055,1227
2026,1206
2040,1215
2049,1223
2036,1212
2050,1224
2033,1210
2060,1230
2063,1232
2046,1221
2064,1233
2047,1222
2061,1231
2065,1234
2030,1207
2023,1204
2025,1205
2053,1226
2035,1211
2069,1237
2042,1217
2066,1235
2032,1209
2057,1228
2058,1229
2038,1213
2037,1213
2039,1214
2044,1218
2044,1219
2043,1218
2043,1219
2045,1220
2051,1225
2070,1238
1993,1245
1986,1239
1986,1240
1987,1239
1987,1240
1994,1246
2018,1264
2019,1265
2005,1252
2006,1253
2001,1248
1989,1242
2002,1249
2008,1254
2021,1267
2009,1255
2010,1256
1991,1243
2020,1266
1992,1244
1988,1241
1996,1247
2011,1257
2014,1261
2014,1262
2014,1263
2014,1260
2014,1259
2013,1261
2013,1262
2013,1263
2013,1260
2013,1259
2015,1261
2015,1262
2015,1263
2015,1260
2015,1259
2016,1261
2016,1262
2016,1263
2016,1260
2016,1259
2017,1261
2017,1262
2017,1263
2017,1260
2017,1259
2003,1251
2003,1250
2004,1251
2004,1250
1959,1270
1960,1271
1970,1281
1968,1279
1978,1288
1975,1285
1980,1290
1977,1287
1955,1268
1982,1291
1956,1269
1963,1274
1979,1289
1983,1292
1972,1283
1964,1275
1965,1276
1966,1277
1962,1273
1969,1280
1971,1282
1967,1278
1961,1272
1976,1286
1973,1284
1943,1298
1947,1301
1938,1293
1940,1295
1941,1296
1939,1294
1944,1299
1946,1300
1949,1303
1950,1304
1951,1305
1948,1302
1942,1297
1925,1313
1920,1309
1915,1306
1921,1310
1922,1311
1932,1318
1937,1320
1923,1312
1927,1314
1930,1317
1928,1315
1934,1319
1917,1308
1898,1329
1905,1335
1895,1327
1911,1341
1899,1330
1889,1322
1904,1334
1907,1337
1893,1325
1894,1326
1909,1339
1902,1332
1887,1321
1908,1338
1910,1340
1892,1324
1903,1333
1906,1336
1890,1323
1896,1328
1900,1331
1883,1344
1882,1343
1884,1345
1881,1342
1886,1346
1847,1356
1834,1349
1857,1363
1863,1369
1869,1373
1865,1371
1860,1366
1849,1358
1844,1355
1877,1381
1850,1359
1862,1368
1851,1360
1837,1352
1836,1351
1870,1374
1875,1379
1866,1372
1830,1348
1858,1364
1859,1365
1852,1361
1835,1350
1829,1347
1838,1353
1848,1357
1839,1354
1871,1375
1856,1362
1872,1376
1873,1377
1861,1367
1879,1382
1874,1378
1876,1380
1864,1370
1819,1402
1812,1395
1795,1383
1820,1403
1803,1387
1821,1404
1824,1407
1804,1388
1809,1393
1826,1409
1805,1389
1808,1392
1806,1390
1807,1391
1817,1400
1813,1396
1818,1401
1801,1385
1822,1405
1802,1386
1816,1399
1816,1398
1816,1397
1814,1399
1814,1398
1814,1397
1815,1399
1815,1398
1815,1397
1823,1406
1800,1384
1825,1408
1811,1394
1827,1410
1791,1438
1788,1435
1789,1436
1755,1411
1776,1424
1779,1427
1786,1433
1761,1414
1780,1428
1769,1420
1756,1412
1782,1429
1762,1415
1783,1430
1770,1421
1771,1422
1774,1423
1777,1425
1784,1431
1766,1417
1767,1418
1768,1419
1757,1413
1778,1426
1785,1432
1787,1434
1765,1416
1790,1437
1743,1462
1744,1463
1712,1441
1726,1451
1721,1448
1739,1459
1715,1444
1740,1460
1720,1447
1724,1450
1716,1445
1729,1453
1711,1440
1752,1471
1727,1452
1722,1449
1713,1442
1730,1454
1753,1472
1737,1458
1754,1473
1747,1466
1749,1468
1719,1446
1746,1465
1714,1443
1745,1464
1750,1469
1736,1457
1735,1456
1742,1461
1748,1467
1751,1470
1732,1455
1690,1513
1658,1485
1680,1505
1691,1514
1666,1492
1681,1506
1671,1497
1665,1491
1679,1504
1663,1489
1682,1507
1677,1502
1678,1503
1683,1508
1684,1509
1675,1500
1649,1477
1676,1501
1650,1478
1646,1474
1685,1510
1686,1511
1661,1487
1693,1516
1647,1475
1652,1480
1668,1494
1694,1517
1669,1495
1656,1484
1653,1481
1697,1520
1654,1482
1698,1521
1703,1523
1704,1524
1707,1526
1664,1490
1648,1476
1672,1498
1692,1515
1667,1493
1651,1479
1696,1518
1696,1519
1695,1518
1695,1519
1673,1499
1670,1496
1709,1527
1662,1488
1655,1483
1659,1486
1689,1522
1689,1512
1689,1525
1699,1522
1699,1512
1699,1525
1706,1522
1706,1512
1706,1525
1586,1532
1616,1552
1612,1548
1614,1550
1585,1531
1609,1545
1636,1569
1611,1547
1637,1570
1621,1556
1638,1571
1615,1551
1639,1572
1605,1543
1589,1535
1617,1553
1620,1555
1623,1557
1624,1558
1625,1559
1626,1559
1627,1560
1641,1573
1596,1540
1628,1561
1629,1562
1630,1563
1631,1564
1618,1554
1633,1566
1608,1544
1610,1546
1593,1538
1594,1539
1632,1565
1634,1567
1590,1536
1591,1537
1597,1541
1635,1568
1643,1574
1644,1574
1642,1574
1604,1542
1613,1549
1588,1533
1588,1534
1587,1533
1587,1534
1580,1593
1581,1594
1570,1584
1574,1587
1571,1585
1569,1583
1576,1589
1560,1576
1577,1590
1567,1581
1582,1595
1578,1591
1559,1575
1562,1578
1573,1586
1563,1579
1583,1596
1575,1588
1561,1577
1568,1582
1566,1580
1579,1592
1584,1597
1558,1598
1556,1599
1544,1607
1539,1602
1537,1601
1549,1610
1555,1615
1551,1612
1540,1603
1554,1614
1541,1604
1543,1606
1545,1608
1536,1600
1542,1605
1550,1611
1553,1613
1546,1609
1525,1627
1526,1628
1526,1629
1527,1628
1527,1629
1528,1630
1529,1631
1530,1632
1510,1616
1520,1623
1524,1626
1511,1617
1533,1635
1521,1624
1513,1618
1514,1619
1522,1625
1516,1621
1531,1633
1515,1620
1532,1634
1519,1622
1535,1636
1502,1662
1503,1663
1504,1664
1496,1656
1505,1665
1481,1645
1490,1650
1501,1661
1492,1652
1474,1639
1491,1651
1480,1644
1497,1657
1506,1666
1489,1649
1476,1641
1498,1658
1493,1653
1482,1646
1477,1642
1484,1647
1485,1648
1507,1667
1499,1659
1494,1654
1472,1637
1472,1638
1471,1637
1471,1638
1495,1655
1500,1660
1475,1640
1479,1643
1460,1670
1461,1671
1468,1672
1458,1668
1459,1669
1447,1674
1456,1676
1446,1673
1449,1675
1441,1681
1442,1682
1436,1678
1437,1679
1438,1680
1431,1687
1430,1686
1426,1685
1433,1689
1433,1688
1425,1684
1424,1683
1414,1706
1394,1692
1401,1696
1419,1711
1405,1699
1415,1707
1416,1708
1402,1697
1421,1713
1417,1709
1418,1710
1408,1701
1407,1701
1410,1702
1389,1691
1411,1703
1400,1695
1398,1693
1404,1698
1406,1700
1412,1704
1399,1694
1413,1705
1420,1712
1422,1714
1388,1690
1366,1715
1373,1719
1377,1723
1378,1724
1372,1718
1379,1725
1371,1717
1381,1727
1374,1720
1376,1722
1375,1721
1382,1728
1369,1716
1368,1716
1367,1716
1380,1726
1361,1739
1356,1735
1346,1730
1350,1732
1358,1736
1359,1737
1344,1729
1363,1741
1364,1742
1360,1738
1353,1733
1349,1731
1362,1740
1354,1734
1313,1747
1321,1752
1310,1745
1340,1769
1342,1771
1309,1744
1341,1770
1343,1772
1326,1757
1320,1751
1323,1754
1322,1753
1324,1755
1336,1765
1325,1756
1306,1743
1328,1759
1332,1763
1333,1764
1338,1767
1329,1760
1330,1761
1319,1750
1311,1746
1337,1766
1339,1768
1327,1758
1318,1749
1318,1748
1316,1749
1316,1748
1317,1749
1317,1748
1331,1762
1283,1791
1291,1796
1287,1793
1276,1787
1263,1779
1277,1788
1298,1802
1302,1806
1264,1780
1299,1803
1261,1778
1282,1790
1294,1798
1292,1797
1288,1794
1304,1808
1285,1792
1290,1795
1273,1784
1266,1781
1267,1782
1281,1789
1300,1804
1274,1785
1275,1786
1301,1805
1256,1777
1305,1809
1303,1807
1253,1776
1297,1800
1297,1799
1297,1801
1296,1800
1296,1799
1296,1801
1295,1800
1295,1799
1295,1801
1269,1783
1203,1823
1223,1833
1231,1838
1239,1844
1232,1839
1252,1854
1208,1827
1214,1830
1227,1835
1201,1822
1218,1832
1192,1816
1194,1817
1207,1826
1180,1814
1236,1842
1226,1834
1245,1847
1190,1815
1235,1841
1212,1829
1240,1845
1242,1846
1217,1831
1251,1853
1206,1825
1229,1837
1250,1852
1205,1824
1197,1818
1198,1819
1199,1820
1249,1851
1238,1843
1177,1812
1200,1821
1211,1828
1228,1836
1233,1840
1246,1848
1248,1850
1248,1849
1247,1850
1247,1849
1171,1865
1157,1855
1174,1868
1170,1864
1173,1867
1175,1869
1172,1866
1162,1859
1166,1861
1163,1860
1158,1856
1167,1862
1160,1857
1160,1858
1159,1857
1159,1858
1169,1863
1168,1863
1176,1870
1145,1873
1141,1871
1146,1874
1147,1875
1148,1876
1154,1882
1149,1877
1152,1879
1152,1880
1152,1881
1153,1879
1153,1880
1153,1881
1151,1879
1151,1880
1151,1881
1144,1872
1150,1878
1116,1886
1124,1889
1121,1887
1128,1892
1112,1883
1122,1888
1131,1893
1132,1894
1133,1895
1134,1896
1135,1897
1136,1898
1137,1899
1127,1891
1113,1884
1115,1885
1125,1890
1139,1900
1139,1901
1139,1902
1138,1900
1138,1901
1138,1902
1140,1900
1140,1901
1140,1902
1079,1909
1080,1910
1081,1911
1083,1912
1078,1908
1096,1917
1070,1903
1097,1918
1098,1919
1099,1920
1100,1921
1101,1922
1102,1923
1103,1924
1073,1906
1106,1925
1107,1926
1108,1927
1109,1928
1110,1929
1094,1916
1085,1913
1074,1907
1072,1905
1086,1914
1071,1904
1047,1935
1041,1930
1042,1931
1043,1932
1044,1933
1045,1934
1056,1940
1061,1944
1054,1939
1063,1945
1069,1949
1053,1938
1058,1941
1059,1942
1060,1943
1052,1937
1048,1936
1065,1947
1065,1948
1065,1946
1066,1947
1066,1948
1066,1946
1067,1947
1067,1948
1067,1946
1031,1957
1032,1958
1033,1959
1034,1960
1035,1961
1021,1950
1027,1953
1022,1951
1025,1952
1036,1962
1029,1955
1030,1956
1028,1954
1038,1963
1038,1964
1037,1963
1037,1964
1039,1965
1018,1989
993,1968
990,1966
1007,1978
1008,1979
991,1967
1009,1980
1010,1981
995,1969
1011,1982
999,1973
1012,1983
1013,1984
1014,1985
1001,1974
1006,1977
998,1972
1003,1976
996,1970
1016,1988
1016,1987
1017,1988
1017,1987
1002,1975
997,1971
1015,1986
960,1991
961,1992
959,1990
962,1993
969,1998
965,1996
970,1999
983,2004
986,2007
984,2005
980,2001
976,2000
985,2006
966,1997
981,2002
964,1995
964,1994
963,1995
963,1994
987,2008
987,2009
988,2008
988,2009
928,2010
954,2029
955,2030
940,2019
956,2031
952,2027
935,2016
953,2028
957,2032
931,2013
936,2017
938,2018
929,2011
946,2022
932,2014
949,2024
933,2015
951,2026
947,2023
958,2033
944,2021
930,2012
943,2020
950,2025
899,2043
914,2055
917,2058
878,2034
900,2044
920,2060
905,2049
904,2048
902,2046
893,2040
910,2053
906,2050
912,2054
903,2047
895,2041
927,2064
918,2059
898,2042
884,2037
915,2056
925,2063
916,2057
909,2052
901,2045
885,2039
885,2038
886,2039
886,2038
922,2062
921,2061
907,2051
881,2035
881,2036
882,2035
882,2036
874,2077
872,2076
875,2078
860,2065
862,2067
863,2068
864,2069
865,2070
866,2071
867,2072
868,2073
869,2074
861,2066
871,2075
850,2090
842,2083
846,2087
837,2080
845,2086
838,2081
834,2079
851,2091
841,2082
843,2084
847,2088
844,2085
848,2089
809,2095
830,2109
821,2100
827,2106
826,2105
820,2099
831,2110
825,2104
832,2111
817,2097
822,2101
807,2093
814,2096
808,2094
828,2107
823,2102
824,2103
819,2098
805,2092
804,2092
833,2112
829,2108
769,2118
783,2129
772,2120
775,2121
784,2130
763,2114
770,2119
790,2132
779,2125
793,2135
764,2115
794,2136
795,2137
798,2140
803,2143
768,2117
792,2134
799,2141
800,2142
765,2116
778,2123
778,2124
777,2123
777,2124
791,2133
796,2138
776,2122
797,2139
781,2126
781,2127
780,2126
780,2127
782,2128
762,2113
746,2146
751,2149
748,2147
754,2152
753,2151
761,2158
752,2150
755,2153
758,2156
759,2157
750,2148
749,2148
743,2144
756,2154
757,2155
745,2145
703,2163
715,2169
739,2189
726,2179
709,2167
727,2180
705,2164
742,2191
728,2181
721,2174
729,2182
730,2183
701,2162
700,2161
707,2165
725,2178
711,2168
723,2176
724,2177
731,2184
718,2171
699,2160
708,2166
738,2188
719,2172
732,2185
717,2170
722,2175
740,2190
735,2187
720,2173
698,2159
733,2186
688,2200
685,2197
682,2196
691,2201
690,2201
675,2193
696,2206
686,2198
680,2194
672,2192
681,2195
693,2202
693,2203
693,2205
693,2204
694,2202
694,2203
694,2205
694,2204
692,2202
692,2203
692,2205
692,2204
695,2202
695,2203
695,2205
695,2204
687,2199
651,2209
659,2212
666,2218
646,2207
670,2222
662,2214
669,2221
652,2210
650,2208
649,2208
661,2213
668,2219
668,2220
667,2219
667,2220
657,2211
664,2216
664,2217
664,2215
663,2216
663,2217
663,2215
665,2216
665,2217
665,2215
631,2227
634,2229
632,2228
643,2234
624,2224
629,2225
640,2233
630,2226
639,2232
637,2230
638,2231
620,2223
581,2236
582,2237
619,2265
614,2260
608,2255
598,2247
612,2258
615,2261
599,2248
601,2249
602,2250
613,2259
607,2254
603,2251
616,2262
617,2263
605,2253
609,2256
587,2239
589,2240
596,2246
595,2245
580,2235
593,2244
610,2257
618,2264
583,2238
604,2252
590,2242
590,2241
591,2242
591,2241
592,2243
570,2282
556,2273
550,2270
577,2286
547,2268
549,2269
572,2283
573,2284
554,2271
574,2285
555,2272
564,2278
558,2275
568,2280
566,2279
557,2274
569,2281
559,2276
542,2266
542,2267
541,2266
541,2267
540,2266
540,2267
562,2277
523,2292
530,2298
517,2287
537,2303
524,2293
522,2291
518,2288
536,2302
535,2301
528,2296
529,2297
526,2294
520,2289
521,2290
532,2299
532,2300
533,2299
533,2300
527,2295
492,2315
504,2322
495,2318
496,2319
481,2306
509,2327
498,2320
489,2312
479,2304
490,2313
505,2323
483,2308
510,2328
488,2311
506,2324
484,2309
493,2316
507,2325
508,2326
494,2317
480,2305
491,2314
512,2329
482,2307
499,2321
486,2310
471,2339
462,2331
472,2340
470,2338
476,2344
469,2337
474,2342
464,2333
468,2336
475,2343
463,2332
466,2334
473,2341
477,2345
461,2330
467,2335
445,2349
446,2350
449,2352
450,2353
452,2354
460,2362
442,2347
447,2351
455,2358
455,2355
455,2356
455,2357
455,2359
455,2360
455,2361
457,2358
457,2355
457,2356
457,2357
457,2359
457,2360
457,2361
453,2358
453,2355
453,2356
453,2357
453,2359
453,2360
453,2361
456,2358
456,2355
456,2356
456,2357
456,2359
456,2360
456,2361
458,2358
458,2355
458,2356
458,2357
458,2359
458,2360
458,2361
459,2358
459,2355
459,2356
459,2357
459,2359
459,2360
459,2361
454,2358
454,2355
454,2356
454,2357
454,2359
454,2360
454,2361
441,2346
443,2348
431,2377
436,2382
416,2364
428,2374
422,2368
418,2366
427,2373
437,2383
423,2369
435,2381
434,2380
417,2365
419,2367
433,2379
424,2370
411,2363
432,2378
425,2371
429,2375
430,2376
426,2372
402,2390
391,2386
408,2396
387,2384
388,2385
403,2391
400,2389
406,2394
407,2395
399,2388
396,2387
404,2392
405,2393
370,2404
375,2409
377,2410
376,2410
354,2397
368,2402
379,2411
357,2398
359,2399
380,2412
366,2401
372,2406
373,2407
371,2405
384,2415
374,2408
369,2403
381,2413
364,2400
382,2414
337,2428
334,2427
321,2416
329,2422
341,2429
332,2425
342,2430
343,2431
344,2432
330,2423
345,2433
322,2417
331,2424
333,2426
323,2418
324,2419
325,2420
346,2434
326,2421
347,2435
316,2456
311,2452
290,2441
308,2450
292,2443
282,2436
313,2454
317,2457
309,2451
305,2448
294,2444
296,2446
315,2455
295,2445
287,2439
291,2442
297,2447
288,2440
307,2449
283,2437
283,2438
284,2437
284,2438
312,2453
319,2459
318,2458
259,2460
264,2461
273,2467
265,2462
272,2466
275,2469
278,2472
274,2468
268,2464
266,2463
270,2465
276,2470
277,2471
244,2477
253,2485
248,2481
251,2484
246,2479
243,2476
258,2488
247,2480
254,2486
239,2475
240,2475
245,2478
249,2482
257,2487
250,2483
227,2497
233,2500
225,2495
224,2494
226,2496
232,2499
234,2501
235,2502
219,2489
219,2490
218,2489
218,2490
228,2498
223,2493
221,2491
221,2492
220,2491
220,2492
237,2503
204,2507
203,2506
205,2508
200,2504
214,2514
202,2505
206,2509
207,2510
208,2511
209,2511
213,2513
210,2512
188,2529
171,2519
182,2525
165,2516
194,2532
172,2520
166,2517
176,2523
183,2526
186,2527
174,2521
187,2528
189,2530
181,2524
190,2531
175,2522
164,2515
169,2518
152,2542
151,2541
155,2544
153,2543
146,2537
136,2533
157,2546
160,2549
158,2547
147,2538
156,2545
162,2551
161,2550
150,2540
159,2548
143,2536
148,2539
139,2535
122,2555
128,2559
120,2553
126,2557
130,2561
133,2562
129,2560
121,2554
124,2556
116,2552
108,2566
111,2568
106,2564
112,2569
113,2570
114,2571
102,2563
115,2572
107,2565
109,2567
94,2577
95,2578
87,2573
88,2574
92,2576
91,2575
85,2590
83,2588
76,2584
71,2579
84,2589
73,2581
72,2580
74,2582
77,2585
78,2586
75,2583
63,2596
56,2594
55,2593
60,2595
51,2591
70,2598
65,2597
54,2592
37,2599
39,2600
48,2605
40,2601
49,2606
50,2607
44,2603
46,2604
41,2602
32,2613
35,2614
28,2611
24,2608
25,2609
26,2610
31,2612
23,2621
16,2617
21,2620
12,2615
14,2616
20,2619
6,2629
